ColumnX	ColumnY
0.	0.0010003026771775
0.0055	0.001000819380092579
0.011	0.001001391250845759
0.0165	0.001001963033291455
0.022	0.001002521553871825
0.0275	0.00100306950562232
0.033	0.001003614580095838
0.0385	0.001004165185939431
0.044	0.001004728935123799
0.0495	0.001005312249153651
0.05499999999999999	0.001005920386305238
0.0605	0.001006557601991047
0.066	0.001007227329975005
0.0715	0.001007932345411256
0.077	0.001008674899947794
0.08249999999999999	0.001009456829880257
0.088	0.001010279641556929
0.0935	0.001011144578592155
0.09899999999999999	0.001012052674852935
0.1045	0.001013004796402108
0.11	0.001014001674864645
0.1155	0.001015043934102011
0.121	0.001016132111636605
0.1265	0.001017266675927257
0.132	0.001018448040347129
0.1375	0.001019676574525373
0.143	0.001020952613570993
0.1485	0.001022276465588382
0.154	0.001023648417809954
0.1595	0.001025068741607695
0.165	0.001026537696591971
0.1705	0.001028055533967578
0.176	0.001029622499284216
0.1815	0.001031238834692124
0.187	0.00103290478079433
0.1925	0.00103462057816864
0.198	0.001036386468620082
0.2035	0.001038202696213257
0.209	0.001040069508124301
0.2145	0.001041987155346031
0.22	0.001043955893272685
0.2255	0.001045975982186768
0.231	0.001048047687665905
0.2365	0.001050171280924331
0.242	0.001052347039101539
0.2475	0.001054575245507573
0.253	0.001056856189833575
0.2585	0.00105919016833361
0.264	0.001061577483983977
0.2695	0.001064018446623747
0.275	0.001066513373080755
0.2805	0.001069062587285635
0.286	0.001071666420376667
0.2915	0.001074325210797176
0.297	0.001077039304387325
0.3025	0.001079809054471426
0.308	0.001082634821942138
0.3135	0.001085516975342225
0.319	0.001088455890944756
0.3245	0.001091451952832266
0.33	0.001094505552975384
0.3355	0.001097617091311366
0.341	0.001100786975822829
0.3465	0.001104015622616991
0.352	0.001107303456005632
0.3575	0.001110650908585897
0.363	0.001114058421322227
0.3685	0.001117526443629409
0.374	0.00112105543345696
0.3795	0.001124645857374871
0.385	0.001128298190660765
0.3905	0.001132012917388682
0.396	0.001135790530519341
0.4015	0.001139631531992112
0.407	0.001143536432818606
0.4125	0.001147505753178104
0.418	0.001151540022514629
0.4235	0.001155639779635924
0.429	0.001159805572814309
0.4345	0.001164037959889281
0.44	0.001168337508372243
0.4455	0.001172704795553125
0.451	0.001177140408608976
0.4565	0.001181644944714695
0.462	0.001186219011155802
0.4675	0.001190863225443481
0.473	0.001195578215431598
0.4785	0.001200364619436211
0.484	0.001205223086357147
0.4895	0.001210154275801932
0.495	0.001215158858212292
0.5005	0.001220237514992843
0.506	0.001225390938642354
0.5115	0.001230619832887557
0.517	0.001235924912819343
0.5225	0.001241306905031831
0.528	0.001246766547763742
0.5335	0.001252304591042774
0.539	0.00125792179683247
0.5445	0.001263618939181829
0.55	0.001269396804377957
0.5555	0.001275256191101329
0.561	0.0012811979105839
0.5665	0.001287222786770267
0.572	0.001293331656481293
0.5775	0.001299525369581207
0.583	0.001305804789147501
0.5885	0.001312170791643427
0.594	0.001318624267093846
0.5995	0.001325166119263994
0.605	0.001331797265841117
0.6105	0.001338518638619275
0.616	0.001345331183687119
0.6215	0.001352235861618571
0.627	0.001359233647666727
0.6325	0.001366325531960955
0.638	0.00137351251970675
0.6435	0.00138079563138875
0.649	0.001388175902977155
0.6545	0.001395654386136731
0.66	0.001403232148439698
0.6655	0.001410910273581343
0.671	0.001418689861598601
0.6765	0.001426572029092643
0.682	0.001434557909454063
0.6875	0.001442648653091499
0.693	0.001450845427664084
0.6985	0.001459149418317009
0.704	0.001467561827920294
0.7095	0.001476083877311631
0.715	0.001484716805542132
0.7205	0.001493461870126544
0.726	0.001502320347296791
0.7315	0.0015112935322588
0.737	0.0015203827394541
0.7425	0.001529589302824467
0.748	0.001538914576081485
0.7535	0.001548359932979001
0.759	0.001557926767591095
0.7645	0.001567616494593281
0.77	0.001577430549547883
0.7755	0.001587370389194524
0.781	0.001597437491744669
0.7865	0.001607633357180615
0.792	0.001617959507559396
0.7975	0.001628417487320905
0.803	0.00163900886360111
0.8085	0.001649735226549759
0.814	0.00166059818965372
0.8195	0.001671599390064202
0.825	0.001682740488930556
0.8305	0.001694023171737132
0.836	0.001705449148647359
0.8415	0.001717020154851811
0.847	0.001728737950922327
0.8525	0.001740604323171466
0.858	0.001752621084016776
0.8635	0.001764790072351567
0.869	0.001777113153921381
0.8745	0.001789592221705033
0.88	0.00180222919630278
0.8855	0.001815026026330189
0.891	0.00182798468881685
0.8965	0.001841107189613069
0.902	0.00185439556380031
0.9075	0.001867851876110769
0.913	0.001881478221350779
0.9185	0.001895276724831533
0.924	0.001909249542807119
0.9295	0.001923398862917878
0.935	0.001937726904640316
0.9405	0.001952235919745741
0.946	0.001966928192763627
0.9515	0.001981806041452536
0.957	0.001996871817279143
0.9625	0.002012127905902184
0.968	0.002027576727666733
0.9735	0.002043220738103333
0.979	0.002059062428434644
0.9845	0.002075104326091723
0.99	0.002091348995235479
0.9955	0.002107799037288195
1.001	0.002124457091470289
1.0065	0.002141325835347989
1.012	0.00215840798538658
1.0175	0.002175706297513533
1.023	0.00219322356768949
1.0285	0.002210962632486608
1.034	0.002228926369677265
1.0395	0.002247117698830425
1.045	0.002265539581916126
1.0505	0.002284195023921074
1.056	0.002303087073471577
1.0615	0.002322218823464706
1.067	0.002341593411710681
1.0725	0.002361214021585153
1.078	0.002381083882688573
1.0835	0.002401206271516282
1.089	0.00242158451213968
1.0945	0.002442221976895799
1.1	0.002463122087087746
1.1055	0.002484288313694878
1.111	0.002505724178093876
1.1165	0.002527433252789436
1.122	0.002549419162156771
1.1275	0.002571685583194701
1.133	0.002594236246287506
1.1385	0.002617074935981184
1.144	0.002640205491770312
1.1495	0.002663631808892934
1.155	0.002687357839141327
1.1605	0.002711387591682121
1.166	0.002735725133888344
1.1715	0.002760374592184135
1.177	0.002785340152901186
1.1825	0.002810626063148093
1.188	0.002836236631692496
1.1935	0.00286217622985305
1.199	0.002888449292408706
1.2045	0.002915060318516243
1.21	0.002942013872646353
1.2155	0.002969314585527138
1.221	0.002996967155107297
1.2265	0.003024976347525632
1.232	0.003053346998102511
1.2375	0.00308208401234036
1.243	0.003111192366937335
1.2485	0.003140677110821364
1.254	0.003170543366191598
1.2595	0.00320079632958
1.265	0.003231441272926156
1.2705	0.003262483544665795
1.276	0.003293928570836819
1.2815	0.003325781856201195
1.287	0.003358048985379802
1.2925	0.003390735624004952
1.298	0.003423847519891274
1.3035	0.003457390504218136
1.309	0.0034913704927333
1.3145	0.00352579348696958
1.32	0.003560665575483718
1.3255	0.003595992935104756
1.331	0.003631781832206585
1.3365	0.003668038623996243
1.342	0.003704769759818602
1.3475	0.003741981782478183
1.353	0.003779681329585801
1.3585	0.003817875134914385
1.364	0.003856570029781593
1.3695	0.003895772944447366
1.375	0.003935490909529827
1.3805	0.003975731057443344
1.386	0.004016500623855643
1.3915	0.004057806949163752
1.397	0.004099657479989623
1.4025	0.004142059770701149
1.408	0.004185021484944584
1.4135	0.004228550397206019
1.419	0.00427265439439069
1.4245	0.004317341477424754
1.43	0.004362619762875948
1.4355	0.004408497484601331
1.441	0.004454982995409913
1.4465	0.004502084768755341
1.452	0.0045498114004452
1.4575	0.004598171610376725
1.463	0.00464717424429383
1.4685	0.004696828275569295
1.474	0.004747142807007175
1.4795	0.004798127072676852
1.485	0.004849790439757518
1.4905	0.004902142410422567
1.496	0.004955192623741279
1.5015	0.005008950857602527
1.507	0.005063427030667507
1.5125	0.005118631204351057
1.518	0.005174573584824726
1.5235	0.005231264525042275
1.529	0.005288714526800386
1.5345	0.005346934242823795
1.54	0.005405934478868698
1.5455	0.005465726195864746
1.551	0.005526320512077377
1.5565	0.005587728705303486
1.562	0.005649962215087879
1.5675	0.005713032644977169
1.573	0.005776951764790252
1.5785	0.005841731512934755
1.584	0.005907383998732731
1.5895	0.005973921504796927
1.595	0.006041356489414603
1.6005	0.006109701588980496
1.606	0.006178969620453311
1.6115	0.006249173583834876
1.617	0.00632032666469699
1.6225	0.006392442236722706
1.628	0.006465533864292104
1.6335	0.006539615305090084
1.639	0.00661470051275519
1.6445	0.006690803639554025
1.65	0.006767939039092794
1.6555	0.006846121269055483
1.661	0.006925365093991681
1.6665	0.007005685488112341
1.672	0.007087097638140766
1.6775	0.007169616946192674
1.683	0.007253259032684952
1.6885	0.007338039739287607
1.694	0.007423975131902131
1.6995	0.007511081503680327
1.705	0.007599375378080607
1.7105	0.007688873511960325
1.716	0.007779592898692658
1.7215	0.007871550771343334
1.727	0.00796476460585622
1.7325	0.008059252124298472
1.738	0.008155031298138382
1.7435	0.008252120351548991
1.749	0.008350537764764843
1.7545	0.008450302277466031
1.76	0.008551432892211977
1.7655	0.008653948877898188
1.771	0.008757869773268654
1.7765	0.0088632153904617
1.782	0.00897000581858877
1.7875	0.009078261427363727
1.793	0.009188002870761505
1.7985	0.00929925109073029
1.804	0.009412027320930416
1.8095	0.009526353090528267
1.815	0.009642250228020136
1.8205	0.00975974086509909
1.826	0.009878847440570156
1.8315	0.009999592704304252
1.837	0.01012199972123066
1.8425	0.01024609187537139
1.848	0.01037189287393093
1.8535	0.01049942675141048
1.859	0.01062871787378365
1.8645	0.01075979094269104
1.87	0.01089267099971392
1.8755	0.01102738343064369
1.881	0.01116395396984898
1.8865	0.01130240870464059
1.892	0.01144277407972092
1.8975	0.01158507690163179
1.903	0.01172934434328566
1.9085	0.01187560394853263
1.914	0.01202388363675701
1.9195	0.01217421170752738
1.925	0.01232661684531284
1.9305	0.01248112812420181
1.936	0.01263777501270148
1.9415	0.01279658737857227
1.947	0.01295759549369645
1.9525	0.01312083003901649
1.958	0.0132863221094941
1.9635	0.01345410321912239
1.969	0.01362420530599787
1.9745	0.0137966607374304
1.98	0.01397150231507157
1.9855	0.01414876328014656
1.991	0.01432847731867489
1.9965	0.01451067856677036
2.002	0.01469540161597434
2.0075	0.01488268151864104
2.013	0.01507255379336237
2.0185	0.01526505443044556
2.024	0.01546021989742832
2.0295	0.01565808714464417
2.035	0.01585869361084025
2.0405	0.01606207722882535
2.046	0.01626827643116726
2.0515	0.01647733015594012
2.057	0.01668927785253512
2.0625	0.01690415948747079
2.068	0.01712201555028595
2.0735	0.0173428870594617
2.079	0.0175668155683899
2.0845	0.01779384317138134
2.09	0.01802401250972939
2.0955	0.01825736677780202
2.101	0.01849394972919421
2.1065	0.01873380568289978
2.112	0.01897697952955745
2.1175	0.01922351673769246
2.123	0.01947346336005019
2.1285	0.01972686603993732
2.134	0.01998377201762678
2.1395	0.02024422913676501
2.145	0.0205082858508666
2.1505	0.02077599122982594
2.156	0.0210473949664638
2.1615	0.02132254738309975
2.167	0.02160149943819706
2.1725	0.02188430273302624
2.178	0.02217100951833701
2.1835	0.02246167270114709
2.189	0.02275634585145762
2.1945	0.02305508320907818
2.2	0.02335793969048856
2.2055	0.02366497089565275
2.211	0.02397623311497675
2.2165	0.02429178333622194
2.222	0.02461167925145817
2.2275	0.02493597926406308
2.233	0.02526474249576115
2.2385	0.02559802879364396
2.244	0.02593589873726933
2.2495	0.02627841364574953
2.255	0.02662563558487934
2.2605	0.02697762737428774
2.266	0.02733445259460372
2.2715	0.02769617559466615
2.277	0.02806286149870814
2.2825	0.02843457621358952
2.288	0.028811386436087
2.2935	0.02919335966010328
2.299	0.02958056418396629
2.3045	0.02997306911775265
2.31	0.03037094439051836
2.3155	0.03077426075770105
2.321	0.03118308980837159
2.3265	0.031597503972579
2.332	0.03201757652874041
2.3375	0.03244338161092188
2.343	0.03287499421619581
2.3485	0.03331249021197515
2.354	0.03375594634338533
2.3595	0.0342054402406068
2.365	0.03466105042615034
2.3705	0.03512285632224746
2.376	0.03559093825812842
2.3815	0.03606537747738476
2.387	0.03654625614521448
2.3925	0.03703365735570442
2.398	0.03752766513913963
2.4035	0.03802836446920124
2.409	0.03853584127025253
2.4145	0.03905018242445972
2.42	0.0395714757790383
2.4255	0.04009981015336032
2.431	0.04063527534607163
2.4365	0.04117796214221484
2.442	0.04172796232021869
2.4475	0.04228536865897448
2.453	0.04285027494476461
2.4585	0.043422775978182
2.464	0.04400296758104235
2.4695	0.04459094660315045
2.475	0.04518681092917519
2.4805	0.04579065948531633
2.486	0.04640259224593805
2.4915	0.04702271024025614
2.497	0.04765111555879196
2.5025	0.04828791135988319
2.508	0.04893320187614425
2.5135	0.04958709242070172
2.519	0.05024968939348887
2.5245	0.0509211002874305
2.53	0.05160143369447622
2.5355	0.05229079931168704
2.541	0.05298930794709979
2.5465	0.05369707152552754
2.552	0.05441420309429029
2.5575	0.05514081682884482
2.563	0.05587702803828397
2.5685	0.05662295317072999
2.574	0.05737870981866569
2.5795	0.05814441672402125
2.585	0.05892019378328572
2.5905	0.05970616205241828
2.596	0.0605024437516886
2.6015	0.06130916227019532
2.607	0.06212644217057142
2.6125	0.06295440919320153
2.618	0.06379319026057931
2.6235	0.06464291348127905
2.629	0.06550370815399524
2.6345	0.06637570477121259
2.64	0.06725903502285434
2.6455	0.06815383179969171
2.651	0.0690602291966022
2.6565	0.06997836251570583
2.662	0.07090836826910545
2.6675	0.07185038418176196
2.673	0.07280454919388889
2.6785	0.07377100346328885
2.684	0.07474988836750454
2.6895	0.0757413465056503
2.695	0.07674552170016652
2.7005	0.07776255899816154
2.706	0.07879260467279098
2.7115	0.07983580622414488
2.717	0.0808923123800647
2.7225	0.08196227309666361
2.728	0.08304583955864356
2.7335	0.0841431641792755
2.739	0.08525440060017908
2.7445	0.08637970369082025
2.75	0.08751922954776348
2.7555	0.08867313549360256
2.761	0.08984158007568196
2.7665	0.09102472306448002
2.772	0.09222272545161822
2.7775	0.09343574944776088
2.783	0.09466395848009687
2.7885	0.09590751718945219
2.794	0.09716659142725456
2.7995	0.09844134825191955
2.805	0.09973195592522639
2.8105	0.101038583908087
2.816	0.102361402856095
2.8215	0.103700584614769
2.827	0.105056302214262
2.8325	0.106428729863876
2.838	0.107818042946299
2.8435	0.10922441801112
2.849	0.110648032768263
2.8545	0.11208906608093
2.86	0.113547697958177
2.8655	0.115024109547075
2.871	0.11651848312447
2.8765	0.118031002088354
2.882	0.119561850948733
2.8875	0.121111215318149
2.893	0.122679281901691
2.8985	0.124266238486806
2.904	0.125872273932235
2.9095	0.127497578156924
2.915	0.129142342128183
2.9205	0.130806757849618
2.926	0.132491018348318
2.9315	0.134195317661762
2.937	0.135919850824314
2.9425	0.137664813852897
2.948	0.13943040373248
2.9535	0.141216818401069
2.959	0.143024256733797
2.9645	0.144852918527046
2.97	0.146703004481621
2.9755	0.148574716185553
2.981	0.150468256096511
2.9865	0.152383827523378
2.992	0.1543216346073
2.9975	0.156281882302679
3.003	0.158264776356902
3.0085	0.160270523289898
3.014	0.162299330373186
3.0195	0.164351405608085
3.025	0.166426957703489
3.0305	0.168526196053093
3.036	0.170649330711847
3.0415	0.172796572372099
3.047	0.174968132338715
3.0525	0.177164222504072
3.058	0.179385055322078
3.0635	0.181630843781641
3.069	0.183901801379513
3.0745	0.186198142092787
3.08	0.188520080350166
3.0855	0.190867831003163
3.091	0.193241609296314
3.0965	0.195641630836974
3.102	0.198068111563991
3.1075	0.200521267716431
3.113	0.203001315801119
3.1185	0.205508472559623
3.124	0.208042954934514
3.1295	0.210604980035199
3.135	0.213194765102893
3.1405	0.215812527474631
3.146	0.218458484547146
3.1515	0.221132853739809
3.157	0.223835852456679
3.1625	0.226567698048114
3.168	0.229328607771615
3.1735	0.232118798751924
3.179	0.234938487940413
3.1845	0.237787892073814
3.19	0.240667227632251
3.1955	0.243576710796548
3.201	0.246516557404713
3.2065	0.249486982908027
3.212	0.252488202326026
3.2175	0.255520430200841
3.223	0.258583880551264
3.2285	0.261678766825506
3.234	0.264805301853488
3.2395	0.267963697798712
3.245	0.271154166108868
3.2505	0.274376917465998
3.256	0.27763216173605
3.2615	0.280920107917711
3.267	0.284240964090139
3.2725	0.287594937360557
3.278	0.290982233810754
3.2835	0.294403058443118
3.289	0.297857615125684
3.2945	0.301346106536689
3.3	0.304868734108506
3.3055	0.308425697970755
3.311	0.312017196892481
3.3165	0.315643428224334
3.322	0.319304587839437
3.3275	0.323000870073847
3.333	0.326732467666233
3.3385	0.330499571697093
3.344	0.334302371526889
3.3495	0.338141054734275
3.355	0.34201580705277
3.3605	0.345926812307877
3.366	0.349874252352073
3.3715	0.353858307000791
3.377	0.357879153966863
3.3825	0.361936968794461
3.388	0.36603192479248
3.3935	0.370164192967498
3.399	0.374333941956067
3.4045	0.378541337956517
3.41	0.382786544659625
3.4155	0.387069723179808
3.421	0.391391031984869
3.4265	0.395750626825354
3.432	0.400148660663958
3.4375	0.404585283604139
3.443	0.409060642817556
3.4485	0.413574882472055
3.454	0.418128143658861
3.4595	0.422720564318959
3.465	0.427352279169363
3.4705	0.432023419629007
3.476	0.436734113744312
3.4815	0.441484486113801
3.487	0.446274657812759
3.4925	0.451104746318085
3.498	0.455974865431652
3.5035	0.460885125204159
3.509	0.465835631858465
3.5145	0.470826487712302
3.52	0.475857791101612
3.5255	0.480929636302586
3.531	0.486042113454316
3.5365	0.491195308480349
3.542	0.496389303011271
3.5475	0.501624174305688
3.553	0.506899995172565
3.5585	0.512216833891817
3.564	0.517574754136459
3.5695	0.522973814893256
3.575	0.528414070384164
3.5805	0.533895569987681
3.586	0.539418358159462
3.5915	0.544982474354144
3.597	0.55058795294591
3.6025	0.556234823149778
3.608	0.561923108943508
3.6135	0.567652828988695
3.619	0.573423996551791
3.6245	0.579236619426768
3.63	0.585090699856553
3.6355	0.590986234454984
3.641	0.596923214129351
3.6465	0.602901624003262
3.652	0.608921443339143
3.6575	0.61498264546176
3.663	0.621085197681738
3.6685	0.6272290612195
3.674	0.633414191129857
3.6795	0.639640536226484
3.685	0.645908039007451
3.6905	0.652216635581123
3.696	0.658566255592362
3.7015	0.664956822149043
3.707	0.671388251750198
3.7125	0.677860454213777
3.718	0.684373332605245
3.7235	0.690926783167057
3.729	0.697520695249243
3.7345	0.70415495123982
3.74	0.710829426496817
3.7455	0.717543989280437
3.751	0.724298500686289
3.7565	0.731092814580263
3.762	0.737926777533071
3.7675	0.74480022875657
3.773	0.75171300004059
3.7785	0.758664915691248
3.784	0.765655792469829
3.7895	0.772685439533071
3.795	0.779753658374565
3.8005	0.786860242767332
3.806	0.79400497870655
3.8115	0.801187644355746
3.817	0.808408009991587
3.8225	0.815665837952417
3.828	0.822960882585704
3.8335	0.830292890199041
3.839	0.837661599011431
3.8445	0.845066739105535
3.85	0.852508032382457
3.8555	0.859985192517262
3.861	0.867497924916692
3.8665	0.875045926677158
3.872	0.882628886545998
3.8775	0.890246484883141
3.883	0.897898393624812
3.8885	0.905584276248584
3.894	0.913303787741279
3.8995	0.921056574567439
3.905	0.928842274638922
3.9105	0.936660517289352
3.916	0.944510923246617
3.9215	0.952393104609765
3.927	0.960306664827374
3.9325	0.968251198676668
3.938	0.976226292246593
3.9435	0.984231522920698
3.949	0.992266459363992
3.9545	1.00033066151062
3.96	1.00842368055403
3.9655	1.01654505893943
3.971	1.02469433035806
3.9765	1.03287101974371
3.982	1.04107464327173
3.9875	1.04930470835979
3.993	1.05756071367137
3.9985	1.06584214912155
4.004	1.07414849588445
4.0095	1.08247922640337
4.015	1.09083380440393
4.0205	1.09921168490855
4.026	1.10761231425329
4.0315	1.11603513010898
4.037	1.12447956150212
4.0425	1.13294502884017
4.048	1.14143094393861
4.0535	1.14993671005042
4.059	1.15846172189859
4.0645	1.16700536571021
4.07	1.17556701925441
4.0755	1.18414605188205
4.081	1.19274182456793
4.0865	1.20135368995611
4.092	1.20998099240739
4.0975	1.21862306804953
4.103	1.22727924483055
4.1085	1.23594884257406
4.114	1.24463117303739
4.1195	1.25332553997301
4.125	1.26203123919185
4.1305	1.27074755862932
4.136	1.27947377841517
4.1415	1.28820917094431
4.147	1.2969530009516
4.1525	1.30570452558943
4.158	1.31446299450697
4.1635	1.3232276499327
4.169	1.33199772676034
4.1745	1.34077245263655
4.18	1.34955104805166
4.1855	1.35833272643287
4.191	1.36711669424069
4.1965	1.3759021510678
4.202	1.38468828974073
4.2075	1.39347429642376
4.213	1.40225935072629
4.2185	1.41104262581192
4.224	1.4198232885117
4.2295	1.42860049943802
4.235	1.4373734131029
4.2405	1.4461411780375
4.246	1.45490293691608
4.2515	1.46365782668014
4.257	1.4724049786677
4.2625	1.48114351874281
4.268	1.4898725674293
4.2735	1.49859124004633
4.279	1.50729864684635
4.2845	1.51599389315592
4.29	1.5246760795184
4.2955	1.53334430184026
4.301	1.54199765153828
4.3065	1.55063521568989
4.312	1.55925607718634
4.3175	1.56785931488687
4.323	1.57644400377668
4.3285	1.58500921512602
4.334	1.59355401665215
4.3395	1.60207747268278
4.345	1.61057864432235
4.3505	1.61905658962056
4.356	1.62751036374185
4.3615	1.63593901913864
4.367	1.64434160572422
4.3725	1.65271717105042
4.378	1.6610647604849
4.3835	1.66938341739116
4.389	1.67767218331059
4.3945	1.685930098146
4.4	1.69415620034636
4.4055	1.70234952709525
4.411	1.71050911449738
4.4165	1.71863399777119
4.422	1.72672321143838
4.4275	1.73477578951827
4.433	1.74279076572273
4.4385	1.75076717365141
4.444	1.75870404698928
4.4495	1.76660041970545
4.455	1.7744553262534
4.4605	1.78226780177052
4.466	1.79003688228166
4.4715	1.79776160490149
4.477	1.80544100803857
4.4825	1.81307413160038
4.488	1.82066001719923
4.4935	1.8281977083588
4.499	1.83568625072134
4.5045	1.84312469225565
4.51	1.8505120834661
4.5155	1.85784747760077
4.521	1.86512993086227
4.5265	1.87235850261663
4.532	1.87953225560429
4.5375	1.88665025615055
4.543	1.89371157437567
4.5485	1.90071528440663
4.554	1.90766046458792
4.5595	1.91454619769208
4.565	1.92137157113124
4.5705	1.92813567716699
4.576	1.93483761312136
4.5815	1.94147648158725
4.587	1.94805139063812
4.5925	1.95456145403681
4.598	1.96100579144554
4.6035	1.96738352863339
4.609	1.97369379768441
4.6145	1.97993573720438
4.62	1.98610849252755
4.6255	1.99221121592133
4.631	1.99824306679074
4.6365	2.00420321188238
4.642	2.0100908254861
4.6475	2.01590508963673
4.653	2.0216451943134
4.6585	2.02731033763916
4.664	2.03289972607696
4.6695	2.0384125746268
4.675	2.04384810701944
4.6805	2.04920555590932
4.686	2.05448416306541
4.6915	2.0596831795615
4.697	2.06480186596274
4.7025	2.06983949251208
4.708	2.07479533931433
4.7135	2.07966869651739
4.719	2.08445886449278
4.7245	2.08916515401267
4.73	2.0937868864257
4.7355	2.09832339383049
4.741	2.10277401924596
4.7465	2.10713811678073
4.752	2.11141505179838
4.7575	2.11560420108144
4.763	2.11970495299252
4.7685	2.12371670763212
4.774	2.12763887699477
4.7795	2.13147088512224
4.785	2.13521216825289
4.7905	2.13886217496933
4.796	2.142420366343
4.8015	2.14588621607487
4.807	2.14925921063381
4.8125	2.15253884939257
4.818	2.15572464475876
4.8235	2.15881612230413
4.829	2.1618128208906
4.8345	2.16471429279179
4.84	2.16752010381243
4.8455	2.17022983340404
4.851	2.17284307477678
4.8565	2.17535943500771
4.862	2.1777785351471
4.8675	2.18010001031877
4.873	2.18232350981886
4.8785	2.18444869720952
4.884	2.18647525041028
4.8895	2.18840286178389
4.895	2.19023123822063
4.9005	2.19196010121686
4.906	2.1935891869513
4.9115	2.19511824635589
4.917	2.19654704518435
4.9225	2.19787536407559
4.928	2.19910299861416
4.9335	2.20022975938591
4.939	2.20125547203037
4.9445	2.2021799772886
4.95	2.20300313104747
4.9555	2.2037248043794
4.961	2.2043448835787
4.9665	2.20486327019313
4.972	2.20527988105203
4.9775	2.20559464828972
4.983	2.2058075193656
4.9885	2.20591845707917
4.994	2.20592743958199
4.9995	2.20583446038444
5.005	2.20563952835944
5.0105	2.20534266774106
5.016	2.20494391811953
5.0215	2.20444333443249
5.027	2.20384098695095
5.0325	2.20313696126247
5.038	2.20233135824929
5.0435	2.20142429406298
5.049	2.20041590009436
5.0545	2.19930632293997
5.06	2.19809572436405
5.0655	2.19678428125683
5.071	2.19537218558811
5.0765	2.19385964435785
5.082	2.19224687954189
5.0875	2.19053412803404
5.093	2.18872164158415
5.0985	2.18680968673232
5.104	2.18479854473926
5.1095	2.18268851151234
5.115	2.18047989752842
5.1205	2.17817302775255
5.126	2.17576824155274
5.1315	2.17326589261123
5.137	2.17066634883181
5.1425	2.16796999224376
5.148	2.1651772189019
5.1535	2.16228843878293
5.159	2.15930407567856
5.1645	2.15622456708483
5.17	2.15305036408792
5.1755	2.14978193124679
5.181	2.14641974647228
5.1865	2.14296430090253
5.192	2.13941609877559
5.1975	2.1357756572987
5.203	2.13204350651397
5.2085	2.12822018916132
5.214	2.12430626053813
5.2195	2.12030228835588
5.225	2.11620885259374
5.2305	2.11202654534936
5.236	2.10775597068655
5.2415	2.1033977444803
5.247	2.09895249425898
5.2525	2.09442085904382
5.258	2.08980348918571
5.2635	2.08510104619948
5.269	2.08031420259556
5.2745	2.07544364170919
5.28	2.07049005752726
5.2855	2.0654541545128
5.291	2.06033664742703
5.2965	2.05513826114957
5.302	2.04985973049607
5.3075	2.0445018000339
5.313	2.03906522389605
5.3185	2.03355076559275
5.324	2.02795919782135
5.3295	2.02229130227446
5.335	2.01654786944615
5.3405	2.01072969843669
5.346	2.00483759675543
5.3515	1.99887238012247
5.357	1.99283487226855
5.3625	1.98672590473377
5.368	1.98054631666473
5.3735	1.97429695461075
5.379	1.96797867231875
5.3845	1.96159233052677
5.39	1.95513879675701
5.3955	1.94861894510739
5.401	1.94203365604246
5.4065	1.93538381618374
5.412	1.92867031809854
5.4175	1.92189406008918
5.423	1.91505594598053
5.4285	1.90815688490808
5.434	1.90119779110492
5.4395	1.89417958368817
5.445	1.8871031864457
5.4505	1.87996952762271
5.456	1.87277953970722
5.4615	1.86553415921671
5.467	1.8582343264836
5.4725	1.85088098544206
5.478	1.84347508341347
5.4835	1.83601757089394
5.489	1.82850940134045
5.4945	1.82095153095816
5.5	1.81334491848862
5.5055	1.80569052499717
5.511	1.7979893136623
5.5165	1.79024224956491
5.522	1.78245029947854
5.5275	1.77461443166035
5.533	1.76673561564325
5.5385	1.75881482202801
5.544	1.75085302227833
5.5495	1.74285118851438
5.555	1.73481029330992
5.5605	1.72673130948866
5.566	1.71861520992373
5.5715	1.71046296733686
5.577	1.70227555409957
5.5825	1.69405394203603
5.588	1.6857991022278
5.5935	1.67751200481859
5.599	1.66919361882187
5.6045	1.66084491193029
5.61	1.65246685032587
5.6155	1.64406039849306
5.621	1.63562651903232
5.6265	1.62716617247665
5.632	1.61868031710998
5.6375	1.610169908786
5.643	1.60163590075184
5.6485	1.59307924347054
5.654	1.584500884448
5.6595	1.57590176806057
5.665	1.56728283538588
5.6705	1.55864502403514
5.676	1.54998926798746
5.6815	1.54131649742789
5.687	1.53262763858557
5.6925	1.52392361357528
5.698	1.51520534024243
5.7035	1.50647373200761
5.709	1.49772969771652
5.7145	1.4889741414905
5.72	1.48020796258014
5.7255	1.4714320552208
5.731	1.4626473084915
5.7365	1.453854606176
5.742	1.44505482662546
5.7475	1.43624884262462
5.753	1.42743752126116
5.7585	1.41862172379558
5.764	1.40980230553595
5.7695	1.40098011571375
5.775	1.39215599736286
5.7805	1.38333078720068
5.786	1.37450531551372
5.7915	1.36568040604337
5.797	1.35685687587502
5.8025	1.34803553533184
5.808	1.3392171878688
5.8135	1.33040262997034
5.819	1.3215926510507
5.8245	1.31278803335738
5.83	1.30398955187652
5.8355	1.29519797424187
5.841	1.28641406064567
5.8465	1.27763856375248
5.852	1.26887222861663
5.8575	1.26011579260072
5.863	1.2513699852986
5.8685	1.24263552845947
5.874	1.23391313591634
5.8795	1.22520351351639
5.885	1.21650735905259
5.8905	1.20782536220137
5.896	1.19915820446011
5.9015	1.19050655908876
5.907	1.18187109105327
5.9125	1.17325245697216
5.918	1.16465130506677
5.9235	1.15606827511157
5.929	1.14750399839044
5.9345	1.13895909765206
5.94	1.13043418707155
5.9455	1.12192987221143
5.951	1.11344674998758
5.9565	1.1049854086364
5.962	1.09654642768525
5.9675	1.08813037792467
5.973	1.07973782138447
5.9785	1.07136931131065
5.984	1.06302539214596
5.9895	1.05470659951236
5.995	1.04641346019703
6.0005	1.03814649213857
6.006	1.0299062044183
6.0115	1.02169309725097
6.017	1.01350766198129
6.0225	1.00535038108002
6.028	0.997221728142612
6.0335	0.989122167891909
6.039	0.981052156181222
6.0445	0.973012140000826
6.05	0.965002557485656
6.0555	0.957023837926232
6.061	0.949076401780982
6.0665	0.9411606606904
6.072	0.933277017494447
6.0775	0.925425866250576
6.083	0.91760759225541
6.0885	0.909822572066293
6.094	0.902071173526885
6.0995	0.894353755793274
6.105	0.886670669362369
6.1105	0.879022256102652
6.116	0.871408849286072
6.1215	0.863830773621644
6.127	0.856288345292071
6.1325	0.848781871989886
6.138	0.841311652957503
6.1435	0.833877979027473
6.149	0.826481132665085
6.1545	0.819121388012508
6.16	0.811799010933584
6.1655	0.804514259061384
6.171	0.797267381846434
6.1765	0.79005862060696
6.182	0.782888208579866
6.1875	0.775756370974097
6.193	0.768663325023511
6.1985	0.761609280043691
6.204	0.754594437487444
6.2095	0.747618991003146
6.215	0.740683126494099
6.2205	0.733787022178134
6.226	0.726930848649579
6.2315	0.720114768941564
6.237	0.713338938589066
6.2425	0.706603505694652
6.248	0.699908610992754
6.2535	0.693254387917276
6.259	0.686640962667987
6.2645	0.680068454280076
6.27	0.673536974692339
6.2755	0.667046628817777
6.281	0.660597514614438
6.2865	0.654189723156516
6.292	0.647823338707403
6.2975	0.641498438791986
6.303	0.635215094271043
6.3085	0.628973369414834
6.314	0.622773321978235
6.3195	0.616615003276685
6.325	0.610498458261497
6.3305	0.604423725596772
6.336	0.598390837736283
6.3415	0.59239982100075
6.347	0.58645069565582
6.3525	0.580543475990488
6.358	0.574678170395197
6.3635	0.568854781440934
6.369	0.563073305958396
6.3745	0.55733373511767
6.38	0.551636054507404
6.3855	0.545980244215043
6.391	0.540366278907089
6.3965	0.534794127908738
6.402	0.529263755284781
6.4075	0.523775119919514
6.413	0.518328175598002
6.4185	0.512922871086088
6.424	0.507559150211068
6.4295	0.502236951942357
6.435	0.496956210472136
6.4405	0.491716855295702
6.446	0.486518811292151
6.4515	0.48136199880452
6.457	0.476246333720303
6.4625	0.471171727551105
6.468	0.466138087512953
6.4735	0.461145316606059
6.479	0.456193313694157
6.4845	0.451281973583882
6.49	0.446411187104052
6.4955	0.441580841184026
6.501	0.436790818932759
6.5065	0.432040999716707
6.512	0.427331259237771
6.5175	0.422661469611125
6.523	0.418031499441875
6.5285	0.413441213902439
6.534	0.408890474808702
6.5395	0.404379140696038
6.545	0.399907066895244
6.5505	0.395474105607032
6.556	0.391080105977359
6.5615	0.386724914171845
6.567	0.382408373448817
6.5725	0.378130324232862
6.578	0.373890604187834
6.5835	0.369689048288857
6.589	0.365525488894279
6.5945	0.361399755816377
6.6	0.35731167639227
6.6055	0.353261075554106
6.611	0.349247775898086
6.6165	0.345271597753652
6.622	0.341332359251533
6.6275	0.337429876391506
6.633	0.333563963109394
6.6385	0.32973443134348
6.644	0.325941091100218
6.6495	0.322183750519395
6.655	0.318462215938381
6.6605	0.314776291956339
6.666	0.311125781497056
6.6715	0.30751048587134
6.677	0.303930204839024
6.6825	0.300384736669946
6.688	0.296873878204297
6.6935	0.293397424912507
6.699	0.289955170953835
6.7045	0.28654690923521
6.71	0.283172431468477
6.7155	0.2798315282273
6.721	0.276523989003168
6.7265	0.273249602261337
6.732	0.270008155494895
6.7375	0.266799435279146
6.743	0.263623227324675
6.7485	0.260479316529991
6.754	0.257367487033174
6.7595	0.254287522263288
6.765	0.251239204990119
6.7705	0.248222317374074
6.776	0.245236641015113
6.7815	0.242281957000646
6.787	0.23935804595294
6.7925	0.236464688076092
6.798	0.233601663201283
6.8035	0.230768750832485
6.809	0.227965730190632
6.8145	0.225192380257464
6.82	0.222448479818209
6.8255	0.219733807504213
6.831	0.217048141834051
6.8365	0.214391261254537
6.842	0.211762944180719
6.8475	0.209162969035228
6.853	0.206591114286806
6.8585	0.20404715848819
6.864	0.201530880313508
6.8695	0.199042058594378
6.875	0.19658047235602
6.8805	0.194145900852156
6.886	0.191738123599331
6.8915	0.189356920410695
6.897	0.187002071428848
6.9025	0.184673357158253
6.908	0.182370558496702
6.9135	0.180093456766383
6.919	0.177841833744009
6.9245	0.175615471690475
6.93	0.173414153379745
6.9355	0.171237662127105
6.941	0.169085781816846
6.9465	0.166958296929034
6.952	0.164854992566102
6.9575	0.162775654478264
6.963	0.160720069088769
6.9685	0.15868802351804
6.974	0.156679305607819
6.9795	0.154693703944107
6.985	0.152731007879854
6.9905	0.150791007556868
6.996	0.148873493927146
7.0015	0.146978258773803
7.007	0.145105094731156
7.0125	0.143253795304387
7.018	0.141424154888557
7.0235	0.139615968787133
7.029	0.137829033229965
7.0345	0.136063145390507
7.04	0.134318103402774
7.0455	0.132593706377512
7.051	0.130889754418089
7.0565	0.12920604863569
7.062	0.127542391163961
7.0675	0.125898585173252
7.073	0.124274434884301
7.0785	0.122669745581421
7.084	0.121084323625217
7.0895	0.119517976464817
7.095	0.117970512649536
7.1005	0.116441741840238
7.106	0.114931474820059
7.1115	0.113439523504755
7.117	0.111965700952685
7.1225	0.110509821374109
7.128	0.109071700140291
7.1335	0.107651153792082
7.139	0.106248000048027
7.1445	0.104862057812109
7.15	0.103493147181082
7.1555	0.102141089451378
7.161	0.100805707125738
7.1665	0.09948682391908172
7.172	0.09818426476451679
7.1775	0.09689785581866424
7.183	0.09562742446650963
7.1885	0.09437279932619116
7.194	0.09313381025329356
7.1995	0.09191028834460065
7.205	0.09070206594184055
7.2105	0.08950897663488568
7.216	0.08833085526465785
7.2215	0.08716753792572873
7.227	0.08601886196861683
7.2325	0.08488466600170463
7.238	0.08376478989285342
7.2435	0.08265907477089812
7.249	0.08156736302656394
7.2545	0.08048949831329921
7.26	0.07942532554776241
7.2655	0.07837469091003504
7.271	0.07733744184357796
7.2765	0.07631342705490936
7.282	0.075302496512978
7.2875	0.07430450144840892
7.293	0.07331929435240617
7.2985	0.0723467289754116
7.304	0.07138666032557371
7.3095	0.07043894466699985
7.315	0.06950343951772507
7.3205	0.06858000364743078
7.326	0.06766849707515117
7.3315	0.06676878106652444
7.337	0.06588071813096925
7.3425	0.06500417201869806
7.348	0.06413900771741526
7.3535	0.06328509144893392
7.359	0.06244229066560075
7.3645	0.06161047404646951
7.37	0.0607895114933836
7.3755	0.05997927412687233
7.381	0.05917963428186802
7.3865	0.05839046550322555
7.392	0.05761164254122041
7.3975	0.05684304134679009
7.403	0.05608453906659599
7.4085	0.05533601403806873
7.414	0.05459734578425583
7.4195	0.05386841500853229
7.425	0.05314910358918651
7.4305	0.05243929457389081
7.436	0.0517388721741106
7.4415	0.05104772175926003
7.447	0.05036572985089846
7.4525	0.0496927841167213
7.458	0.04902877336452711
7.4635	0.04837358753600453
7.469	0.04772711770050495
7.4745	0.04708925604865242
7.48	0.04645989588593842
7.4855	0.04583893162618068
7.491	0.04522625878488855
7.4965	0.04462177397266492
7.502	0.04402537488837117
7.5075	0.04343696031235769
7.513	0.04285643009954911
7.5185	0.04228368517253259
7.524	0.04171862751452183
7.5295	0.04116116016229938
7.535	0.04061118719909795
7.5405	0.04006861374746191
7.546	0.03953334596198575
7.5515	0.03900529102208278
7.557	0.03848435712470317
7.5625	0.03797045347696738
7.568	0.0374634902887974
7.5735	0.03696337876552829
7.579	0.03647003110043236
7.5845	0.03598336046729408
7.59	0.03550328101291132
7.5955	0.0350297078495665
7.601	0.03456255704747924
7.6065	0.03410174562728362
7.612	0.03364719155244586
7.6175	0.03319881372165369
7.623	0.03275653196126337
7.6285	0.03232026701764801
7.634	0.03188994054962743
7.6395	0.0314654751208338
7.645	0.03104679419204448
7.6505	0.03063382211362902
7.656	0.03022648411787811
7.6615	0.02982470631139228
7.667	0.02942841566745973
7.6725	0.02903754001844724
7.678	0.02865200804820078
7.6835	0.02827174928440592
7.689	0.02789669409106297
7.6945	0.02752677366086502
7.7	0.02716192000765612
7.7055	0.02680206595887799
7.711	0.02644714514803893
7.7165	0.02609709200720768
7.722	0.02575184175951157
7.7275	0.02541133041165733
7.733	0.02507549474651012
7.7385	0.02474427231562004
7.744	0.02441760143186137
7.7495	0.02409542116202758
7.755	0.02377767131947244
7.7605	0.0234642924568162
7.766	0.02315522585861859
7.7715	0.02285041353413678
7.777	0.02254979821007018
7.7825	0.02225332332336383
7.788	0.02196093301403973
7.7935	0.02167257211805993
7.799	0.02138818616020452
7.8045	0.02110772134702183
7.81	0.02083112455979353
7.8155	0.02055834334752607
7.821	0.0202893259200068
7.8265	0.02002402114086809
7.832	0.01976237852071201
7.8375	0.01950434821026885
7.843	0.019249880993587
7.8485	0.01899892828127824
7.854	0.01875144210379769
7.8595	0.01850737510474199
7.865	0.01826668053424111
7.8705	0.01802931224235116
7.876	0.0177952246724982
7.8815	0.01756437285496895
7.887	0.01733671240045558
7.8925	0.0171121994936306
7.898	0.01689079088677021
7.9035	0.01667244389342626
7.909	0.0164571163821415
7.9145	0.01624476677020464
7.92	0.01603535401746999
7.9255	0.0158288376201927
7.931	0.01562517760494551
7.9365	0.01542433452256058
7.942	0.01522626944210936
7.9475	0.01503094394496151
7.953	0.01483832011886955
7.9585	0.01464836055208402
7.964	0.01446102832756905
7.9695	0.01427628701720546
7.975	0.01409410067608339
7.9805	0.01391443383681951
7.986	0.01373725150394431
7.9915	0.01356251914830637
7.997	0.01339020270156272
8.0025	0.01322026855067669
8.008	0.01305268353249976
8.0135	0.01288741492838853
8.019	0.01272443045885177
8.0245	0.01256369827826575
8.03	0.01240518696964967
8.0355	0.01224886553945411
8.041	0.01209470341242217
8.0465	0.01194267042649581
8.052	0.01179273682775949
8.0575	0.01164487326544667
8.063	0.01149905078697959
8.0685	0.01135524083306472
8.074	0.01121341523282999
8.0795	0.01107354619902815
8.085	0.01093560632325131
8.0905	0.01079956857122516
8.096	0.01066540627813483
8.1015	0.01053309314400488
8.107	0.01040260322911305
8.1125	0.01027391094946668
8.118	0.01014699107231151
8.1235	0.01002181871170345
8.129	0.009898369324095345
8.1345	0.009776618704003768
8.14	0.009656542979702776
8.1455	0.009538118608965253
8.151	0.009421322374850662
8.1565	0.009306131381532657
8.162	0.009192523050178801
8.1675	0.009080475114869976
8.173	0.008969965618564045
8.1785	0.008860972909107442
8.184	0.008753475635274541
8.1895	0.0086474527428715
8.195	0.00854288347087034
8.2005	0.008439747347590726
8.206	0.008338024186923369
8.2115	0.008237694084579812
8.217	0.008138737414419842
8.2225	0.0080411348247782
8.228	0.007944867234865897
8.2335	0.007849915831190563
8.239	0.007756262064035273
8.2445	0.007663887643961669
8.25	0.007572774538363818
8.2555	0.007482904968052852
8.261	0.007394261403894137
8.2665	0.007306826563464403
8.272	0.00722058340777156
8.2775	0.007135515137988628
8.283	0.007051605192243476
8.2885	0.006968837242445428
8.294	0.00688719519113464
8.2995	0.006806663168379802
8.305	0.006727225528718415
8.3105	0.006648866848123449
8.316	0.006571571921008663
8.3215	0.006495325757270475
8.327	0.006420113579369844
8.3325	0.006345920819441058
8.338	0.006272733116442602
8.3435	0.006200536313345831
8.349	0.006129316454342138
8.3545	0.006059059782101266
8.36	0.005989752735060848
8.3655	0.005921381944736585
8.371	0.005853934233081616
8.3765	0.005787396609869967
8.382	0.005721756270113633
8.3875	0.005657000591513429
8.393	0.005593117131941945
8.3985	0.00553009362695593
8.404	0.005467917987343768
8.4095	0.005406578296697664
8.415	0.005346062809022798
8.4205	0.005286359946375364
8.426	0.005227458296527829
8.4315	0.00516934661066761
8.437	0.005112013801123943
8.4425	0.005055448939121113
8.448	0.004999641252562859
8.4535	0.004944580123848999
8.459	0.004890255087713923
8.4645	0.004836655829097349
8.47	0.00478377218104148
8.4755	0.00473159412261296
8.481	0.004680111776856521
8.4865	0.004629315408773078
8.492	0.004579195423322921
8.4975	0.004529742363459393
8.503	0.004480946908183374
8.5085	0.00443279987062542
8.514	0.004385292196155131
8.5195	0.004338414960512284
8.525	0.004292159367967389
8.5305	0.004246516749501924
8.536	0.004201478561013525
8.5415	0.004157036381549853
8.547	0.004113181911558167
8.5525	0.004069906971164935
8.558	0.004027203498478561
8.5635	0.003985063547907712
8.569	0.003943479288512512
8.5745	0.003902443002370892
8.58	0.003861947082966919
8.5855	0.003821984033604695
8.591	0.003782546465844332
8.5965	0.003743627097954163
8.602	0.003705218753386672
8.6075	0.003667314359278629
8.613	0.0036299069449641
8.6185	0.003592989640517226
8.624	0.003556555675307045
8.6295	0.003520598376574543
8.635	0.003485111168031411
8.6405	0.003450087568477542
8.646	0.003415521190433912
8.6515	0.003381405738799393
8.657	0.003347735009523762
8.6625	0.003314502888298363
8.668	0.003281703349265998
8.6735	0.003249330453749142
8.679	0.003217378348996479
8.6845	0.00318584126694304
8.69	0.003154713522991027
8.6955	0.003123989514809965
8.701	0.003093663721148976
8.7065	0.003063730700664939
8.712	0.003034185090774494
8.7175	0.003005021606513968
8.723	0.002976235039420363
8.7285	0.002947820256425304
8.734	0.002919772198767207
8.7395	0.002892085880916771
8.745	0.002864756389518801
8.7505	0.002837778882347473
8.756	0.002811148587279101
8.7615	0.002784860801276819
8.767	0.002758910889390865
8.7725	0.002733294283774025
8.778	0.002708006482709277
8.7835	0.002683043049653088
8.789	0.002658399612289492
8.7945	0.002634071861602494
8.8	0.002610055550956788
8.8055	0.002586346495194476
8.811	0.002562940569744865
8.8165	0.002539833709744814
8.822	0.002517021909175087
8.8275	0.002494501220005715
8.833	0.002472267751355136
8.8385	0.002450317668663318
8.844	0.002428647192873404
8.8495	0.002407252599627296
8.855	0.002386130218472129
8.8605	0.002365276432079706
8.866	0.002344687675474831
8.8715	0.002324360435276464
8.877	0.002304291248950737
8.8825	0.002284476704071067
8.888	0.002264913437593593
8.8935	0.002245598135141323
8.899	0.002226527530297381
8.9045	0.002207698403910651
8.91	0.002189107583410041
8.9155	0.002170751942129408
8.921	0.002152628398643353
8.9265	0.002134733916111103
8.932	0.00211706550163001
8.9375	0.002099620205600439
8.943	0.002082395121098249
8.9485	0.002065387383256355
8.954	0.002048594168656554
8.9595	0.002032012694730181
8.965	0.002015640219166644
8.9705	0.001999474039331346
8.976	0.001983511491691437
8.9815	0.001967749951252347
8.987	0.001952186830999334
8.9925	0.001936819581349311
8.998	0.001921645689611363
9.0035	0.001906662679453804
9.009	0.001891868110378685
9.0145	0.001877259577206116
9.02	0.001862834709565228
9.0255	0.001848591171392384
9.031	0.001834526660437099
9.0365	0.001820638907775511
9.042	0.00180692567733096
9.0475	0.001793384765401468
9.053	0.001780014000194725
9.0585	0.001766811241370112
9.064	0.001753774379587247
9.0695	0.001740901336060392
9.075	0.001728190062121664
9.0805	0.0017156385387885
9.086	0.001703244776339668
9.0915	0.001691006813895776
9.097	0.001678922719008078
9.1025	0.001666990587251519
9.108	0.001655208541824585
9.1135	0.001643574733155277
9.119	0.001632087338514056
9.1245	0.001620744561631143
9.13	0.001609544632319862
9.1355	0.001598485806105726
9.141	0.001587566363862015
9.1465	0.001576784611449533
9.152	0.001566138879362454
9.1575	0.001555627522380333
9.163	0.001545248919223741
9.1685	0.001535001472216116
9.174	0.001524883606951145
9.1795	0.001514893771964182
9.185	0.001505030438409048
9.1905	0.001495292099740463
9.196	0.00148567727140051
9.2015	0.001476184490509705
9.207	0.001466812315563728
9.2125	0.001457559326134271
9.218	0.001448424122573783
9.2235	0.001439405325726633
9.229	0.001430501576641911
9.2345	0.001421711536293432
9.24	0.001413033885302639
9.2455	0.001404467323665935
9.251	0.00139601057048576
9.2565	0.001387662363706775
9.262	0.001379421459855344
9.2675	0.001371286633784255
9.273	0.001363256678419094
9.2785	0.001355330404511093
9.284	0.001347506640392059
9.2895	0.001339784231734412
9.295	0.001332162041313238
9.3005	0.001324638948773719
9.306	0.001317213850401958
9.3115	0.001309885658897962
9.317	0.001302653303153777
9.3225	0.001295515728034847
9.328	0.001288471894163974
9.3335	0.00128152077770945
9.339	0.00127466137017603
9.3445	0.001267892678200072
9.35	0.001261213723346208
9.3555	0.001254623541909068
9.361	0.001248121184717468
9.3665	0.001241705716940932
9.372	0.001235376217900251
9.3775	0.001229131780881843
9.383	0.001222971512952149
9.3885	0.001216894534778697
9.394	0.001210899980450797
9.3995	0.001204986997305237
9.405	0.001199154745754177
9.4105	0.001193402399115264
9.416	0.001187729143445369
9.4215	0.001182134177376675
9.427	0.001176616711954832
9.4325	0.001171175970480954
9.438	0.001165811188354966
9.4435	0.001160521612922299
9.449	0.001155306503323376
9.4545	0.001150165130344238
9.46	0.001145096776271315
9.4655	0.001140100734747252
9.471	0.001135176310629686
9.4765	0.001130322819852335
9.482	0.001125539589288983
9.4875	0.001120825956618617
9.493	0.001116181270193668
9.4985	0.001111604888909881
9.504	0.00110709618207924
9.5095	0.001102654529304366
9.515	0.001098279320355257
9.5205	0.001093969955047985
9.526	0.001089725843125941
9.5315	0.001085546404142498
9.537	0.001081431067346339
9.5425	0.001077379271568317
9.548	0.001073390465110664
9.5535	0.001069464105637924
9.559	0.001065599660069738
9.5645	0.001061796604475855
9.57	0.001058054423972644
9.5755	0.001054372612621682
9.581	0.001050750673330285
9.5865	0.001047188117753818
9.592	0.001043684466199529
9.5975	0.001040239247532238
9.603	0.001036851999081964
9.6085	0.001033522266553422
9.614	0.001030249603936568
9.6195	0.001027033573419406
9.625	0.001023873745302416
9.6305	0.001020769697914245
9.636	0.001017721017529343
9.6415	0.001014727298287347
9.647	0.001011788142113698
9.6525	0.001008903158642183
9.658	0.001006071965138375
9.6635	0.001003294186425413
9.669	0.00100056945481076
9.6745	0.0009978974100148033
9.68	0.000995277699100662
9.6855	0.0009927099764057731
9.691	0.0009901939034744351
9.6965	0.000987729148992261
9.702	0.0009853153887218614
9.7075	0.0009829523054400424
9.713	0.0009806395888760815
9.7185	0.0009783769356517596
9.724	0.0009761640492226966
9.7295	0.0009740006398206568
9.735	0.000971886424397738
9.7405	0.0009698211265714026
9.746	0.0009678044765715503
9.7515	0.0009658362111876664
9.757	0.0009639160737184754
9.7625	0.0009620438139222514
9.768	0.0009602191879682396
9.7735	0.000958441958390117
9.779	0.0009567118940397569
9.7845	0.0009550287700427847
9.79	0.00095339236775544
9.7955	0.0009518024747221435
9.801	0.0009502588846343492
9.8065	0.000948761397291496
9.812	0.0009473098185618845
9.8175	0.0009459039603453058
9.823	0.0009445436405369557
9.8285	0.0009432286829924375
9.834	0.0009419589174936271
9.8395	0.0009407341797160748
9.845	0.000939554311197134
9.8505	0.0009384191593057678
9.856	0.0009373285772127544
9.8615	0.000936282423862697
9.867	0.0009352805639467434
9.8725	0.0009343228678764512
9.878	0.000933409211758756
9.8835	0.0009325394773722217
9.889	0.0009317135521440853
9.8945	0.0009309313291285092
9.9	0.0009301927069859544
9.9055	0.0009294975899635427
9.911	0.0009288458878765094
9.9165	0.0009282375160905817
9.922	0.0009276723955058885
9.9275	0.0009271504525410949
9.933	0.0009266716191194371
9.9385	0.0009262358326550523
9.944	0.0009258430360412402
9.9495	0.0009254931776385474
9.955	0.0009251862112651786
9.9605	0.0009249220961873821
9.966	0.0009247007971116846
9.9715	0.0009245222841773922
9.977	0.0009243865329507285
9.9825	0.0009242935244198301
9.988	0.0009242432449904593
9.9935	0.000924235686483069